Surmani,33333333333,9090,9000
Surmani,666666666666,1245,8000
Surmani,5555555555,1234,9000
Cristina,5555555555,8989,9000
Cristina,340000000,9000,9090
Martina,3434343434343,1245,9000
Surmani,22222222222,1256,1000
Surmani,1234435435,1234,4000
Surmani,7897879879710,7809,7000
Surmani,4545454545,3000,3000
Surmani,345678909022,1234,900000
Rose,345678909022,1234,90000
Surmani,123456789090,1290,98900
Surmani,123456789012,2345,1500
Surmani,123456789088,8901,90000
David goggins,901278656789,7890,9000
Surmani,123456789011,1245,90000
Surmani,907878901256,8901,9000
